id_imovel;endereco;tamanho;num_quartos;num_banheiros;preco;estado_conservacao;tipo_imovel
1;Favela da Mata, 3, Gonçalves do Amparo, Rio de Janeiro;133;5;1;471885,54;novo;casa
2;Setor de Barbosa, 38, Freitas das Flores, Rio de Janeiro;149;3;3;257200,95;novo;casa
3;Chácara das Neves, 6, Barbosa, Espírito Santo;165;5;1;312390,54;usado;terreno
4;Vila Lopes, 9, Almeida dos Dourados, Minas Gerais;165;4;1;274836,42;usado;terreno
5;Passarela da Costa, 745, Duarte, Rio de Janeiro;183;5;2;420915,32;novo;apartamento
6;Sítio Novaes, 71, da Mata do Amparo, Rio de Janeiro;192;4;3;468441,61;usado;casa
7;Vila Duarte, 68, Oliveira, São Paulo;158;3;3;228522,26;novo;terreno
8;Praia de Nogueira, 8, Ramos de Gomes, Rio de Janeiro;184;5;1;409651,09;usado;casa
9;Chácara Raul Melo, 96, Moreira, Minas Gerais;151;4;2;449633,91;usado;casa
10;Pátio João Felipe Nogueira, 301, Gonçalves, Minas Gerais;91;1;3;335737,39;usado;terreno
11;Vila de Carvalho, 65, da Cunha de Minas, Espírito Santo;182;5;1;458106,24;usado;casa
12;Aeroporto Lima, 1, Campos, Espírito Santo;200;5;1;225326,4;novo;casa
13;Estrada Enzo Gabriel Cardoso, Ribeiro de Goiás, Minas Gerais;109;5;2;406832,86;usado;apartamento
14;Distrito Rafael Teixeira, 5, da Luz de Barros, Espírito Santo;174;2;1;440392,73;novo;casa
15;Vale Kevin da Paz, 2, Pinto de Aragão, Espírito Santo;103;1;2;292372,93;usado;apartamento
16;Esplanada Fogaça, da Cruz, Espírito Santo;131;5;3;450371,32;novo;casa
17;Esplanada de Moreira, Novaes de da Luz, Rio de Janeiro;185;2;1;349855,1;novo;terreno
18;Favela Larissa Teixeira, 24, Cunha de Moura, São Paulo;68;2;2;320042,19;novo;apartamento
19;Favela Jesus, 13, Nunes dos Dourados, São Paulo;129;2;2;432383,96;novo;casa
20;Colônia Diego Costela, 19, Araújo, Rio de Janeiro;195;4;3;371257,19;usado;casa
21;Quadra Olivia Fogaça, 50, da Mata de Goiás, Rio de Janeiro;177;1;3;304584,93;usado;casa
22;Colônia Gomes, 35, Moraes, São Paulo;184;4;3;212378,5;novo;terreno
23;Condomínio Gonçalves, 69, Ferreira, São Paulo;182;5;2;473798,72;novo;casa
24;Rua Almeida, Carvalho Paulista, Rio de Janeiro;82;1;3;290511,12;novo;apartamento
25;Estação de Silva, 862, Lopes das Flores, Minas Gerais;75;5;3;430623,33;usado;casa
26;Residencial Pietro Teixeira, 51, Silveira, Rio de Janeiro;91;1;2;490678,39;usado;casa
27;Área Porto, 65, Teixeira, Minas Gerais;170;1;2;492171,48;usado;terreno
28;Pátio Teixeira, 3, da Conceição, Minas Gerais;122;1;1;314557,87;usado;terreno
29;Largo de Pires, 6, Cardoso, Espírito Santo;146;1;1;383444,35;usado;casa
30;Trecho Enrico Cunha, 5, Silveira das Flores, Minas Gerais;108;4;3;256117,17;usado;casa
31;Vereda de Lima, 357, Ramos de Silveira, São Paulo;83;3;3;419903,67;usado;terreno
32;Estrada Murilo Nascimento, 51, Pereira Verde, Espírito Santo;144;3;3;371296,07;novo;apartamento
33;Feira Lima, 45, Moura, Rio de Janeiro;124;3;1;364323,53;novo;terreno
34;Trevo Pires, 1, Gomes da Praia, Minas Gerais;181;4;2;238946,07;novo;terreno
35;Vila de Silveira, da Paz da Mata, São Paulo;113;3;3;269077,32;usado;terreno
36;Viela de Viana, 43, Cardoso, São Paulo;149;1;2;308738,93;novo;terreno
37;Avenida de Silveira, 60, Gomes, Espírito Santo;136;3;2;409360,57;usado;terreno
38;Morro de Pinto, 186, Barros, Minas Gerais;120;4;3;357482,16;usado;terreno
39;Vereda de Freitas, 778, Almeida Paulista, São Paulo;131;4;2;464221,53;novo;apartamento
40;Distrito Monteiro, 54, da Paz, Espírito Santo;176;5;2;226933,21;usado;terreno
41;Chácara de da Conceição, 5, da Paz do Sul, São Paulo;143;2;2;471219,66;novo;casa
42;Vila de Carvalho, 865, Nogueira, Minas Gerais;83;3;2;498530,9;novo;apartamento
43;Alameda da Rosa, 47, Silva do Oeste, Minas Gerais;138;2;3;471239,5;usado;terreno
44;Largo Araújo, Moura, São Paulo;151;4;3;425719,86;novo;casa
45;Pátio de Ribeiro, 55, Freitas da Praia, Espírito Santo;66;1;2;397270,91;usado;terreno
46;Chácara Freitas, 267, Dias, Espírito Santo;133;5;1;416830,39;usado;terreno
47;Aeroporto Monteiro, 31, Barros, São Paulo;118;2;1;259573,56;usado;apartamento
48;Distrito Vinicius Souza, 1, Mendes das Flores, Rio de Janeiro;112;1;1;354205,15;novo;terreno
49;Núcleo de Cunha, 83, Freitas, Espírito Santo;147;1;3;493456,09;usado;terreno
50;Via de Fernandes, 79, Alves, Espírito Santo;189;3;2;229835,14;novo;apartamento
51;Quadra Brenda da Luz, 8, Ramos de Minas, Minas Gerais;54;5;3;418485,67;usado;casa
52;Praça de Mendes, 32, da Mota, Espírito Santo;142;3;1;258881,13;usado;terreno
53;Travessa João Oliveira, 9, Costa das Pedras, São Paulo;90;5;2;397368,96;usado;apartamento
54;Aeroporto Moreira, 53, da Mata, Minas Gerais;54;1;1;248797,31;novo;casa
55;Jardim Francisco Nogueira, 50, Barbosa, Espírito Santo;193;4;3;451607,85;usado;terreno
56;Recanto de Oliveira, 74, Novaes de Teixeira, Espírito Santo;75;3;3;308471,48;usado;casa
57;Área Letícia Nunes, 22, da Paz de Minas, Rio de Janeiro;131;5;3;317752,27;usado;apartamento
58;Lagoa Nathan da Costa, 52, da Mata dos Dourados, Minas Gerais;171;3;1;492022,53;usado;terreno
59;Favela de Peixoto, 8, da Conceição, Espírito Santo;111;2;2;301609,62;usado;casa
60;Morro Francisco Melo, 67, Carvalho, Espírito Santo;82;2;2;361718,21;usado;apartamento
61;Rodovia Novaes, 20, Lopes, Rio de Janeiro;162;5;1;246409,59;novo;terreno
62;Via Lara Mendes, 631, Castro, Espírito Santo;184;4;3;394318,98;novo;apartamento
63;Avenida de da Rocha, da Conceição do Oeste, Rio de Janeiro;129;3;3;298614,99;usado;apartamento
64;Distrito de Moreira, 70, da Conceição de Moura, São Paulo;67;4;1;417019,78;usado;apartamento
65;Loteamento Daniel Fernandes, 44, Caldeira, Minas Gerais;184;2;1;383020,06;novo;casa
66;Estrada Correia, 57, da Mata, Rio de Janeiro;85;2;3;416334,49;usado;terreno
67;Chácara Nogueira, 5, Carvalho, São Paulo;111;4;2;252677,66;novo;terreno
68;Lago Costela, 49, Pires do Amparo, São Paulo;73;5;2;349277,9;usado;casa
69;Passarela Gabriel Novaes, 34, da Luz, Espírito Santo;91;5;3;290710,52;novo;casa
70;Aeroporto Davi Pinto, 483, Cardoso da Mata, Minas Gerais;193;1;2;369551,49;usado;casa
71;Sítio Rodrigues, 97, Viana Grande, Minas Gerais;197;1;3;424157,73;usado;terreno
72;Estação de Caldeira, 750, Aragão do Galho, Rio de Janeiro;105;2;3;321699,92;novo;casa
73;Pátio Peixoto, 7, da Cruz de Goiás, Minas Gerais;132;2;3;209775,05;novo;terreno
74;Feira Barros, Barros Paulista, São Paulo;194;2;1;435415,84;usado;apartamento
75;Largo de Gomes, 20, da Costa, Rio de Janeiro;122;2;2;339921,42;novo;casa
76;Alameda de Rocha, 46, Campos do Oeste, Rio de Janeiro;115;4;2;313156,75;usado;apartamento
77;Condomínio Maria Cecília Rodrigues, 36, da Rosa da Mata, Espírito Santo;88;2;2;392485,97;novo;apartamento
78;Vila Julia Correia, 603, Silva Grande, São Paulo;77;4;1;258301,44;novo;terreno
79;Estação de Teixeira, 5, da Rocha Paulista, Minas Gerais;189;1;2;443813,74;usado;casa
80;Lago de das Neves, 12, Ferreira das Flores, Minas Gerais;189;5;3;345650,04;usado;apartamento
81;Vereda de Cavalcanti, 488, Gomes do Sul, Espírito Santo;98;2;1;451332,17;novo;apartamento
82;Jardim Bárbara Nascimento, 3, da Cruz, Minas Gerais;106;2;3;252688,32;novo;apartamento
83;Área da Mota, 4, Novaes da Mata, Rio de Janeiro;89;1;1;395134,11;usado;terreno
84;Feira Gustavo Henrique Castro, 63, da Cruz do Amparo, Minas Gerais;134;2;2;294090,39;usado;apartamento
85;Vale da Rocha, 8, Lima do Amparo, Rio de Janeiro;194;2;1;441911,27;novo;casa
86;Passarela Rezende, Dias, Minas Gerais;172;1;2;499903,32;novo;terreno
87;Via de Pires, 1, Araújo do Campo, Espírito Santo;138;1;1;451800,72;novo;terreno
88;Vale de Carvalho, 13, da Luz do Galho, Rio de Janeiro;97;5;1;272372,84;novo;casa
89;Praia Emanuel Cunha, 25, Fernandes, Espírito Santo;171;1;3;428040,24;usado;terreno
90;Trevo Carvalho, 286, Aragão do Amparo, Rio de Janeiro;84;3;1;224770,91;usado;casa
91;Travessa Yago Almeida, 87, Silveira, Rio de Janeiro;167;2;2;341017,54;usado;casa
92;Condomínio Carlos Eduardo Dias, 82, Barros, São Paulo;156;5;1;333756,78;novo;casa
93;Vereda Correia, 78, Nascimento, São Paulo;105;3;1;473028,52;usado;terreno
94;Avenida Samuel Moreira, 12, da Mota, São Paulo;157;1;1;380396,38;novo;casa
95;Condomínio Rodrigues, 999, Nunes, Rio de Janeiro;122;5;3;451911,27;usado;terreno
96;Trevo Gonçalves, 56, Barros, Rio de Janeiro;79;5;2;307281,77;novo;terreno
97;Praia Cardoso, 81, da Cunha de Mendes, Espírito Santo;60;4;1;211859,36;usado;apartamento
98;Viela Evelyn Cardoso, 171, Nascimento, Rio de Janeiro;117;4;3;352044,6;usado;casa
99;Fazenda Lima, Gomes, Espírito Santo;141;1;1;421223,01;usado;apartamento
100;Ladeira de Rodrigues, 47, Araújo das Pedras, São Paulo;121;2;3;332727,23;novo;terreno
101;Rua Maria Eduarda da Cruz, 62, Pereira, São Paulo;103;2;2;400603,35;usado;apartamento
102;Conjunto Teixeira, 4, Porto, Rio de Janeiro;171;5;1;413453,53;usado;terreno
103;Parque de Pereira, 7, da Mata, Espírito Santo;128;4;2;239612,05;usado;casa
104;Travessa Theo Barbosa, 72, Azevedo de da Conceição, São Paulo;93;3;3;364558,25;novo;casa
105;Parque Pedro Peixoto, 3, Nascimento, Minas Gerais;87;2;2;297065,1;usado;casa
106;Pátio da Rosa, 153, da Cunha, Minas Gerais;138;1;1;378194,44;novo;apartamento
107;Trecho Ana Carolina Porto, 879, da Luz de Cardoso, São Paulo;121;1;2;333105,39;novo;apartamento
108;Residencial Viana, 36, Cardoso Verde, Rio de Janeiro;102;1;1;230542,41;usado;casa
109;Favela de Araújo, 4, Caldeira Verde, Espírito Santo;63;3;3;254136,71;usado;casa
110;Setor Mendes, 18, Novaes, Rio de Janeiro;59;3;1;306270,1;usado;casa
111;Lagoa Nogueira, 50, Caldeira, São Paulo;125;2;2;486769,34;usado;apartamento
112;Residencial de Novaes, 89, Moraes da Prata, Rio de Janeiro;57;3;3;454078,45;novo;casa
113;Campo de Cardoso, 754, Ribeiro da Prata, Espírito Santo;73;1;3;271539,41;usado;casa
114;Loteamento Nunes, 29, Souza, Minas Gerais;127;4;2;334236,99;novo;apartamento
115;Morro Porto, 7, Sales, São Paulo;56;5;1;477168,72;novo;casa
116;Feira Ana Lívia Silva, 99, Aragão, São Paulo;56;4;3;486254,72;novo;casa
117;Travessa Gabriel Ribeiro, 18, Novaes Grande, Rio de Janeiro;106;5;2;479879,14;novo;terreno
118;Vale Vitor Hugo Cavalcanti, 86, Ferreira Verde, Espírito Santo;171;4;3;441936,91;usado;terreno
119;Lago Carolina Vieira, 41, Santos de Souza, Espírito Santo;63;5;1;255864,63;usado;terreno
120;Conjunto de da Mota, 84, Carvalho da Prata, Espírito Santo;72;2;1;492192,79;novo;casa
121;Colônia de Costela, 343, Castro, Rio de Janeiro;61;1;2;322810,82;usado;casa
122;Área Silveira, 56, Moreira de das Neves, Minas Gerais;108;1;2;291001,01;novo;casa
123;Recanto Maria Sophia Oliveira, Dias do Norte, São Paulo;166;4;1;441684,62;usado;terreno
124;Favela de Martins, 46, Ribeiro dos Dourados, São Paulo;63;1;1;214522,52;usado;apartamento
125;Ladeira da Rosa, 534, da Costa, São Paulo;121;5;3;203063,99;novo;terreno
126;Rua Levi Lima, Cardoso Paulista, São Paulo;92;3;3;432556,1;usado;apartamento
127;Avenida Olivia das Neves, Jesus Verde, Espírito Santo;62;1;3;295493,15;novo;apartamento
128;Favela Lívia Martins, 94, Nunes, Espírito Santo;189;1;3;443625,09;usado;apartamento
129;Estrada de Monteiro, 2, da Mata de da Mata, São Paulo;185;2;2;341385,31;novo;terreno
130;Vereda Ramos, 88, Lima, Espírito Santo;194;3;2;228772,61;novo;apartamento
131;Trecho de da Luz, Cardoso de Goiás, Rio de Janeiro;71;4;2;497469,89;usado;casa
132;Praia Eduarda da Mota, 279, Farias das Pedras, São Paulo;99;1;2;326433,87;novo;apartamento
133;Feira Ana Carolina da Cunha, 35, Costela, Minas Gerais;87;5;2;458055,7;novo;terreno
134;Avenida Isis Costa, 97, Costa, Minas Gerais;140;3;3;377549,32;novo;apartamento
135;Condomínio João Pedro Martins, Santos, Rio de Janeiro;118;3;2;453931,27;usado;casa
136;Jardim Rodrigues, 563, Pires, Espírito Santo;178;5;3;361006,5;novo;apartamento
137;Lago Gabrielly Sales, 56, Oliveira, Rio de Janeiro;105;3;3;444506,43;novo;terreno
138;Vereda de Campos, Souza, Rio de Janeiro;167;1;2;245820,06;novo;casa
139;Residencial Duarte, da Luz, São Paulo;163;2;1;351128,43;usado;terreno
140;Via de Peixoto, Ramos do Campo, Rio de Janeiro;156;2;2;214896,45;novo;casa
141;Vereda de Santos, 852, Campos, São Paulo;81;3;2;480895,89;usado;apartamento
142;Estrada de da Costa, 8, Oliveira, Espírito Santo;119;2;2;282163,53;usado;casa
143;Travessa Aragão, 49, Santos Alegre, Espírito Santo;113;5;1;476368,1;usado;apartamento
144;Conjunto de Ramos, Castro, São Paulo;100;4;1;343459,64;novo;terreno
145;Pátio Farias, 7, Lima, Rio de Janeiro;68;5;3;300388,97;usado;casa
146;Viela de Fernandes, Barros do Oeste, Minas Gerais;180;2;1;333708,54;novo;terreno
147;Condomínio Benício Barros, Araújo de Minas, Minas Gerais;172;4;2;261915,64;usado;apartamento
148;Setor Pires, 262, Costa do Campo, Espírito Santo;166;5;1;494679,69;usado;terreno
149;Conjunto Emilly Rocha, da Cruz, Rio de Janeiro;82;1;1;217877,07;novo;terreno
150;Largo Carvalho, 93, Pinto de Sales, Espírito Santo;89;1;3;266008,16;usado;terreno
151;Alameda Calebe Rocha, 67, Lima do Sul, Minas Gerais;141;3;3;320398,68;novo;apartamento
152;Favela Noah Barros, 64, Santos de Almeida, Espírito Santo;90;4;2;378966,59;novo;apartamento
153;Conjunto de Azevedo, 581, Fernandes, Espírito Santo;69;4;2;460752,93;usado;terreno
154;Setor de Gonçalves, 417, Pires de Caldeira, Espírito Santo;141;3;3;242977,91;usado;apartamento
155;Recanto Sofia da Mota, Oliveira de da Costa, Espírito Santo;119;5;2;294701,4;usado;terreno
156;Vila João Gabriel Nogueira, 1, da Conceição, Rio de Janeiro;163;5;3;332775,64;usado;terreno
157;Loteamento Araújo, 92, Pinto, Minas Gerais;113;4;2;402148,87;novo;casa
158;Morro Camila Lopes, Campos, Rio de Janeiro;109;4;2;486977,89;novo;terreno
159;Distrito Vieira, 8, Monteiro Grande, Rio de Janeiro;144;1;2;292322,6;novo;apartamento
160;Estação Emanuelly Porto, 25, Oliveira, São Paulo;72;3;3;490431,66;novo;apartamento
161;Praia Correia, 413, Rezende, Minas Gerais;168;2;2;322310,66;usado;terreno
162;Praça Bruno Lopes, 69, Lima Grande, Minas Gerais;125;2;2;310912,93;novo;casa
163;Recanto de Castro, 69, Barbosa Alegre, Minas Gerais;190;3;2;424798,85;usado;apartamento
164;Morro Fernandes, 4, das Neves de Goiás, Espírito Santo;85;3;3;383063,72;usado;apartamento
165;Feira Silveira, 908, Moreira, Espírito Santo;129;5;3;336589,75;usado;casa
166;Favela de Sales, 43, Costela, Espírito Santo;142;2;3;298199,05;novo;terreno
167;Conjunto da Cunha, 75, Fogaça da Mata, Rio de Janeiro;146;2;2;361821,0;usado;casa
168;Campo de Oliveira, 173, Nascimento, Minas Gerais;140;4;3;218731,24;novo;apartamento
169;Via Silva, 17, Gonçalves de Cavalcanti, São Paulo;144;1;2;226681,52;usado;casa
170;Ladeira de da Mota, 92, da Mota, Rio de Janeiro;196;2;3;310097,54;novo;apartamento
171;Trevo João Lucas Lima, 82, Rodrigues, Rio de Janeiro;52;2;1;223138,96;novo;casa
172;Núcleo da Luz, 6, Cardoso do Campo, Rio de Janeiro;156;4;2;227977,06;novo;terreno
173;Via de Aragão, 9, Oliveira da Prata, São Paulo;188;5;2;292405,4;usado;apartamento
174;Estação de Almeida, 2, da Costa da Praia, São Paulo;104;3;2;461031,8;novo;casa
175;Setor Antônio da Mata, 15, Fogaça da Serra, Minas Gerais;109;5;3;303956,19;novo;apartamento
176;Área Rezende, 70, Vieira do Norte, Espírito Santo;175;3;2;264629,82;novo;terreno
177;Trecho Barbosa, 9, Ribeiro, Minas Gerais;52;3;2;386389,46;usado;casa
178;Favela Rafael Souza, 53, das Neves de Viana, Espírito Santo;148;3;1;403474,17;usado;terreno
179;Rodovia de Gomes, 6, Teixeira de Souza, Espírito Santo;135;5;2;433521,11;novo;terreno
180;Largo de Alves, 11, Pereira, Rio de Janeiro;171;1;1;292791,61;novo;apartamento
181;Rodovia Almeida, 33, Santos de Minas, Minas Gerais;110;5;1;358286,75;novo;casa
182;Trecho de Barros, 2, Araújo, Rio de Janeiro;172;4;2;431882,5;usado;apartamento
183;Morro Moreira, 80, Viana de da Rocha, Espírito Santo;73;2;2;348930,12;novo;casa
184;Morro Leandro Monteiro, 7, da Conceição, São Paulo;199;4;3;244404,12;novo;apartamento
185;Estação de Mendes, 790, Pires, Espírito Santo;157;1;2;217010,41;usado;casa
186;Colônia Nunes, 81, das Neves de Goiás, Minas Gerais;200;2;2;237214,44;novo;terreno
187;Pátio Rocha, 822, Martins das Flores, Rio de Janeiro;152;5;3;359646,96;novo;apartamento
188;Morro Kamilly Duarte, 632, Vieira de Fogaça, Rio de Janeiro;147;3;2;336019,5;novo;terreno
189;Largo Pires, Aragão Paulista, Espírito Santo;144;1;1;420551,74;novo;apartamento
190;Conjunto Ramos, 4, Cardoso, Espírito Santo;142;5;1;398462,58;novo;casa
191;Trevo de Cardoso, 49, Martins de da Luz, São Paulo;184;5;2;221250,27;novo;terreno
192;Esplanada de Monteiro, 37, da Cruz, Rio de Janeiro;60;1;3;212109,74;usado;apartamento
193;Alameda de Freitas, 4, Martins, Rio de Janeiro;132;4;1;413307,25;usado;terreno
194;Viaduto Novaes, 14, Rocha, Espírito Santo;167;4;2;306207,94;novo;terreno
195;Conjunto de Moura, Lima de Cunha, Espírito Santo;77;4;2;307399,29;usado;terreno
196;Loteamento Rodrigo Fernandes, 92, Fernandes de Novaes, São Paulo;61;1;3;350762,83;novo;casa
197;Vereda Pedro Lima, 671, Rodrigues da Serra, Espírito Santo;64;2;1;360912,9;usado;casa
198;Quadra Rocha, 64, Viana, São Paulo;83;5;2;431769,73;novo;terreno
199;Chácara Rafael Moura, 66, Dias da Serra, São Paulo;153;4;3;483555,48;novo;casa
200;Estrada de Almeida, 62, da Conceição, Rio de Janeiro;78;3;1;383721,73;novo;terreno
201;Parque Viana, 4, Souza, São Paulo;97;2;2;327049,82;usado;apartamento
202;Conjunto de Pires, Nogueira, Minas Gerais;86;4;3;216395,34;novo;casa
203;Passarela de da Cunha, 1, Araújo, São Paulo;167;1;3;260652,15;usado;apartamento
204;Lagoa Pires, Santos, São Paulo;163;3;1;217013,83;novo;terreno
205;Viela Carolina Monteiro, 31, Araújo, Minas Gerais;74;2;3;405005,89;usado;casa
206;Alameda Sarah Peixoto, 194, da Luz da Praia, Espírito Santo;51;4;2;356169,57;usado;casa
207;Via Luiz Henrique da Cunha, Porto, Minas Gerais;96;5;1;291092,45;usado;terreno
208;Largo de da Mota, 7, Castro das Flores, Minas Gerais;83;3;2;364885,92;usado;apartamento
209;Morro Nogueira, Gomes, Rio de Janeiro;152;1;1;225059,6;novo;terreno
210;Praia Ribeiro, 49, Silva, Minas Gerais;118;5;1;371968,37;novo;terreno
211;Praça de da Rocha, 432, Cunha, Rio de Janeiro;186;1;3;478349,89;usado;terreno
212;Praia Sales, 94, Duarte, Minas Gerais;88;1;2;255115,25;novo;terreno
213;Recanto Daniel Gomes, 70, Araújo, Rio de Janeiro;67;4;1;351430,07;usado;terreno
214;Trevo de Silveira, 98, da Paz do Amparo, Espírito Santo;162;1;1;424451,81;usado;casa
215;Chácara Bruna Silveira, 54, Pereira das Flores, Espírito Santo;71;5;1;249953,47;novo;casa
216;Praia de Gonçalves, 62, das Neves, São Paulo;115;3;3;414976,98;novo;casa
217;Lagoa de da Rocha, 574, Fogaça do Oeste, Minas Gerais;135;2;1;356125,53;usado;terreno
218;Fazenda Vitor Gabriel Santos, 33, Rodrigues, Minas Gerais;96;5;3;340956,6;usado;apartamento
219;Estrada Moreira, 87, Jesus, Rio de Janeiro;125;3;1;415959,68;novo;apartamento
220;Setor de Farias, 55, Castro, Espírito Santo;86;4;3;447277,52;usado;terreno
221;Quadra de da Costa, 54, Silva Verde, Espírito Santo;144;4;2;426773,86;novo;terreno
222;Avenida Sabrina Santos, 49, Castro de Minas, São Paulo;138;2;1;332992,57;usado;terreno
223;Chácara de Barros, 86, Cunha, Rio de Janeiro;158;4;3;216974,48;novo;casa
224;Recanto Ferreira, 8, Pires, Minas Gerais;133;5;3;422839,31;usado;apartamento
225;Vereda de Alves, Cunha, São Paulo;65;3;2;211270,59;usado;terreno
226;Favela Moura, da Conceição do Norte, Espírito Santo;124;4;2;495463,17;novo;apartamento
227;Campo Ferreira, 53, da Rosa da Prata, Rio de Janeiro;123;5;1;309047,96;novo;apartamento
228;Viela Sophie Viana, 20, da Rosa, São Paulo;132;5;1;412455,58;usado;casa
229;Núcleo Matheus Oliveira, Moreira de Martins, Minas Gerais;118;1;1;299091,05;novo;casa
230;Fazenda Castro, 574, Melo, Rio de Janeiro;139;1;3;465211,76;novo;terreno
231;Ladeira Cardoso, 66, Souza, Rio de Janeiro;122;4;1;417661,21;novo;casa
232;Aeroporto Martins, 27, Gonçalves, Espírito Santo;82;1;2;454555,9;usado;terreno
233;Trevo de Barbosa, 64, da Cruz, Espírito Santo;82;2;3;236440,76;novo;terreno
234;Ladeira Ryan Ferreira, 86, Jesus de da Rosa, Espírito Santo;65;3;1;282822,69;usado;apartamento
235;Parque de Gonçalves, 444, Silveira, São Paulo;191;5;1;366911,0;novo;terreno
236;Travessa João Miguel Carvalho, 54, Fernandes do Campo, São Paulo;103;2;2;401893,14;usado;apartamento
237;Campo Nathan Peixoto, 83, Rocha, São Paulo;62;1;1;431533,8;novo;apartamento
238;Rua de da Rosa, Martins, Rio de Janeiro;68;2;2;437340,15;usado;terreno
239;Trecho Jesus, Rocha do Sul, Minas Gerais;116;5;2;354857,72;novo;terreno
240;Residencial Correia, 55, Rocha, Minas Gerais;133;1;1;307888,6;novo;apartamento
241;Ladeira de Nunes, 90, da Costa da Praia, Rio de Janeiro;94;3;3;402558,21;usado;terreno
242;Viela Teixeira, Dias, São Paulo;61;4;1;483835,15;novo;casa
243;Estação de Barbosa, Monteiro de Porto, Espírito Santo;59;2;1;337888,74;usado;terreno
244;Setor Theo da Mata, 37, Rocha, São Paulo;173;4;2;481126,08;usado;terreno
245;Estação Nascimento, 90, Moreira dos Dourados, Rio de Janeiro;162;5;1;391372,86;usado;terreno
246;Jardim de Teixeira, Nunes, Rio de Janeiro;192;5;3;205024,83;novo;apartamento
247;Alameda Caroline Nunes, 11, Nunes Paulista, São Paulo;152;1;3;461892,73;novo;casa
248;Distrito Cauê Melo, 84, Peixoto de Araújo, Minas Gerais;138;2;3;328419,13;novo;apartamento
249;Trevo Amanda das Neves, 3, Santos da Mata, Rio de Janeiro;62;3;3;449230,1;usado;casa
250;Vila Moura, 7, da Cunha do Amparo, Espírito Santo;103;5;1;258150,43;usado;casa
251;Vereda de Souza, 84, Silveira da Praia, São Paulo;163;1;3;275995,29;usado;terreno
252;Trecho Fernanda Cardoso, 63, Nogueira, Rio de Janeiro;55;5;2;366868,94;novo;terreno
253;Estação Moraes, 5, Fogaça, Rio de Janeiro;116;1;3;332201,36;novo;apartamento
254;Via Teixeira, 73, Jesus do Amparo, Rio de Janeiro;138;2;3;460453,44;novo;apartamento
255;Jardim Lucca Costela, Aragão do Amparo, Espírito Santo;186;3;1;421104,35;usado;casa
256;Praça de Costa, 21, Monteiro, Minas Gerais;73;4;3;303897,87;novo;terreno
257;Feira da Rosa, 33, da Luz, São Paulo;183;4;3;436214,28;novo;apartamento
258;Favela Sophia Jesus, 833, Gonçalves, Minas Gerais;62;5;3;474110,5;usado;casa
259;Esplanada Isaac Pereira, 405, Pereira do Oeste, Rio de Janeiro;97;3;3;445267,09;novo;casa
260;Loteamento Cavalcanti, 4, Ferreira, Rio de Janeiro;198;4;2;430756,69;novo;terreno
261;Lagoa de Gomes, Fogaça de Sales, Rio de Janeiro;196;1;3;318313,19;usado;apartamento
262;Viaduto de Mendes, 52, da Mata do Amparo, Espírito Santo;147;2;2;437266,87;novo;terreno
263;Trecho Fernando da Mota, 18, da Cunha da Prata, São Paulo;156;1;1;251365,24;novo;casa
264;Lago de Fernandes, 4, Pereira do Amparo, Minas Gerais;191;5;3;279529,93;novo;apartamento
265;Estação de Correia, 977, Carvalho, Minas Gerais;62;2;2;245018,46;novo;apartamento
266;Distrito Letícia Ramos, 30, da Paz Paulista, Espírito Santo;197;5;1;347364,93;novo;casa
267;Estação de das Neves, 51, Cardoso, Espírito Santo;175;5;1;310757,28;novo;terreno
268;Jardim Mirella Rocha, 6, Oliveira, São Paulo;180;5;3;295069,3;usado;apartamento
269;Setor Porto, Ribeiro das Flores, São Paulo;134;3;1;263922,08;usado;apartamento
270;Colônia Aragão, Sales, Espírito Santo;50;1;3;447427,35;usado;apartamento
271;Trecho de Sales, 9, Ribeiro, Minas Gerais;102;4;3;466691,67;novo;casa
272;Travessa de Cardoso, 33, Pinto de Nascimento, Rio de Janeiro;90;3;2;210102,12;novo;apartamento
273;Distrito Alves, 54, Fernandes de Oliveira, Minas Gerais;95;3;1;347487,34;novo;terreno
274;Feira Oliveira, 5, Gomes da Praia, São Paulo;95;3;2;374028,36;usado;terreno
275;Parque Pires, 21, Costa do Sul, Minas Gerais;73;1;2;394865,53;usado;casa
276;Estrada Mendes, 542, Duarte do Norte, São Paulo;106;4;3;378937,37;novo;apartamento
277;Distrito de da Mota, 31, Costela, Minas Gerais;87;4;1;252721,54;usado;casa
278;Trevo Clarice Cunha, 8, Monteiro, Rio de Janeiro;107;4;3;206511,25;usado;apartamento
279;Loteamento Porto, 30, Gonçalves da Mata, Minas Gerais;92;2;3;421596,08;novo;casa
280;Via de Teixeira, 72, Castro, Rio de Janeiro;103;2;3;497568,71;novo;terreno
281;Campo Maria Cecília Costa, 53, Nunes, Rio de Janeiro;135;5;3;365267,04;novo;casa
282;Pátio Pereira, 980, Almeida, São Paulo;175;3;3;238523,32;novo;casa
283;Favela de Lima, 133, da Mata, São Paulo;87;3;1;392119,3;usado;apartamento
284;Jardim Rezende, 4, Porto, Rio de Janeiro;94;4;3;237390,74;usado;terreno
285;Campo Ramos, 2, da Rosa do Campo, Minas Gerais;74;3;3;201074,03;novo;casa
286;Ladeira Luiza Vieira, 183, Costela, São Paulo;189;3;1;408633,12;novo;casa
287;Estação Samuel Alves, 40, Silva do Amparo, Minas Gerais;153;1;1;428742,5;novo;apartamento
288;Setor Alana Peixoto, 88, Souza, Espírito Santo;62;2;3;448556,36;novo;apartamento
289;Viaduto Davi Luiz Aragão, 46, Ferreira dos Dourados, São Paulo;170;4;3;313543,13;novo;apartamento
290;Rodovia Breno da Cunha, Almeida, Espírito Santo;107;3;1;376421,76;usado;apartamento
291;Ladeira de da Mata, 36, Aragão do Sul, Espírito Santo;136;4;3;268777,51;usado;terreno
292;Distrito Alves, 87, Lima do Sul, Espírito Santo;99;3;2;311972,01;usado;casa
293;Trevo de Cardoso, Farias, Espírito Santo;169;5;1;342036,64;usado;casa
294;Alameda de Sales, 97, Sales, Rio de Janeiro;156;5;1;271899,03;novo;casa
295;Fazenda de da Rosa, 4, Alves de Pereira, Rio de Janeiro;141;5;3;395427,77;novo;terreno
296;Esplanada Raul Teixeira, 87, Rodrigues, Rio de Janeiro;123;4;2;444878,83;novo;apartamento
297;Rua Farias, 2, Gomes, São Paulo;58;2;3;228634,09;novo;casa
298;Núcleo de Costa, 31, da Cruz, Minas Gerais;81;2;1;249308,28;novo;terreno
299;Colônia Costa, 54, da Mata do Galho, Rio de Janeiro;98;5;2;407476,42;usado;terreno
300;Colônia de Azevedo, 57, Martins do Norte, Rio de Janeiro;121;2;1;245466,2;novo;apartamento
301;Jardim de Moura, 42, Vieira, Minas Gerais;97;3;2;410504,18;novo;apartamento
302;Condomínio Sophie Gonçalves, 8, Campos da Praia, Minas Gerais;197;5;3;438057,36;novo;terreno
303;Parque Cavalcanti, 35, Cardoso, Minas Gerais;159;3;1;486648,06;usado;terreno
304;Área de Almeida, da Mota, Rio de Janeiro;152;4;1;355654,9;novo;apartamento
305;Alameda de Novaes, 64, Teixeira, Espírito Santo;64;3;1;355158,22;novo;casa
306;Via Jesus, 8, Novaes, Espírito Santo;111;3;3;492671,67;usado;apartamento
307;Parque Marcos Vinicius da Luz, 84, da Mata de da Paz, Minas Gerais;134;5;3;399418,61;novo;terreno
308;Área Farias, 67, Novaes da Prata, Espírito Santo;91;3;2;354056,13;usado;apartamento
309;Fazenda de Moreira, Moura, São Paulo;125;3;1;434847,68;novo;casa
310;Área Bryan Nascimento, 298, Farias, Espírito Santo;182;4;3;494944,22;novo;apartamento
311;Feira Maysa Costela, 5, das Neves de Cunha, Espírito Santo;108;3;2;398503,69;novo;terreno
312;Esplanada de da Rocha, 7, Nogueira, Minas Gerais;169;3;2;322808,26;novo;casa
313;Morro de Fogaça, 61, Teixeira de da Paz, Rio de Janeiro;96;1;1;390707,2;usado;apartamento
314;Distrito Ana Clara da Mota, 64, Araújo, São Paulo;106;1;3;418673,77;novo;terreno
315;Condomínio Moraes, 92, Silveira Alegre, São Paulo;85;4;2;224069,13;novo;terreno
316;Rua de Rocha, 48, Rezende, Minas Gerais;145;4;2;284972,02;novo;terreno
317;Avenida da Rosa, Nogueira de Minas, Espírito Santo;55;1;2;466101,9;usado;terreno
318;Sítio Heloísa Silva, 45, Viana da Mata, Minas Gerais;84;3;2;448761,87;usado;casa
319;Aeroporto Ana Luiza Dias, 107, da Mota, Minas Gerais;114;1;1;263433,2;novo;apartamento
320;Esplanada de Moreira, 11, Silva da Prata, Minas Gerais;191;5;3;415844,81;usado;apartamento
321;Feira Porto, 301, da Costa, Espírito Santo;105;5;2;432713,78;novo;apartamento
322;Vale de Nunes, 490, Barros, Rio de Janeiro;100;3;2;213073,15;novo;terreno
323;Esplanada Porto, 92, Castro de Goiás, Rio de Janeiro;51;3;2;428804,32;usado;casa
324;Rua Teixeira, 2, Cunha da Prata, Espírito Santo;152;5;2;328757,62;usado;terreno
325;Núcleo Sophia Caldeira, 92, Ferreira do Oeste, Minas Gerais;155;1;2;367634,93;novo;terreno
326;Conjunto de Souza, Caldeira, São Paulo;85;2;1;449261,42;novo;apartamento
327;Sítio de Moraes, 78, da Mota, Minas Gerais;179;5;3;446711,86;novo;apartamento
328;Sítio Rebeca Novaes, 647, da Rocha de Goiás, São Paulo;180;2;2;259182,51;usado;terreno
329;Praia de Rodrigues, 7, Oliveira das Pedras, Minas Gerais;88;5;3;228140,95;usado;terreno
330;Favela de Gonçalves, Pinto da Praia, Espírito Santo;189;2;1;323729,74;usado;apartamento
331;Lagoa Bruna Cavalcanti, 3, Rocha, São Paulo;108;2;1;377836,11;usado;terreno
332;Passarela de Lopes, 20, da Rosa de Silveira, Minas Gerais;109;4;3;318074,9;usado;terreno
333;Trecho Jesus, 68, Gonçalves, São Paulo;121;3;1;369257,34;usado;terreno
334;Quadra de da Luz, 21, Vieira de Fernandes, São Paulo;180;5;3;408393,19;novo;terreno
335;Parque da Costa, 64, Teixeira do Oeste, Minas Gerais;195;3;2;361541,06;usado;terreno
336;Praia de Alves, 8, da Rosa, Espírito Santo;118;2;1;432878,32;usado;casa
337;Viela Lopes, Nunes, Espírito Santo;116;3;2;300052,96;usado;casa
338;Feira Kaique Nascimento, 61, Mendes, Minas Gerais;200;4;1;281908,94;novo;terreno
339;Viaduto Pires, 79, da Rosa de Minas, São Paulo;149;3;3;226285,71;usado;apartamento
340;Jardim Fogaça, 757, Dias do Campo, Rio de Janeiro;55;5;3;343451,17;usado;terreno
341;Praia Almeida, 572, Rocha, Rio de Janeiro;157;3;3;441721,45;usado;apartamento
342;Rodovia Pires, 25, Carvalho, Rio de Janeiro;104;2;2;215543,25;usado;apartamento
343;Fazenda Santos, 568, Araújo Paulista, Rio de Janeiro;57;4;2;489229,03;novo;apartamento
344;Lagoa Duarte, 278, Fernandes, Minas Gerais;85;5;3;350525,44;usado;terreno
345;Conjunto Isaac Lima, 4, Almeida de Nascimento, Rio de Janeiro;179;5;3;457367,07;novo;casa
346;Avenida de Lopes, 1, Campos das Pedras, Rio de Janeiro;192;3;3;466325,61;novo;casa
347;Campo Porto, Moura das Pedras, Espírito Santo;154;2;1;421525,77;novo;apartamento
348;Recanto Ana Laura Peixoto, 176, Rocha de Nunes, Espírito Santo;129;3;3;209259,72;novo;casa
349;Sítio Lopes, 6, Araújo, Rio de Janeiro;183;3;1;204157,01;novo;terreno
350;Vereda Heloísa Pereira, 521, Santos, São Paulo;110;4;1;218642,6;usado;apartamento
351;Via Sophie Fernandes, 12, Moreira, Rio de Janeiro;122;5;2;354287,24;usado;terreno
352;Praia de Santos, 322, Pereira das Flores, Espírito Santo;156;5;1;469110,75;novo;terreno
353;Vale de Mendes, 92, Aragão do Norte, São Paulo;147;3;3;302806,68;novo;casa
354;Estação Caio Nascimento, Pires, São Paulo;196;2;1;203505,12;usado;terreno
355;Sítio de Costa, 83, Ribeiro, Minas Gerais;113;1;3;383541,66;novo;terreno
356;Favela Erick da Mata, 1, Silveira Alegre, Rio de Janeiro;189;5;3;447069,6;novo;terreno
357;Residencial de Freitas, 58, Vieira de Minas, São Paulo;195;5;3;353723,35;usado;apartamento
358;Colônia Alícia das Neves, 81, Sales, Rio de Janeiro;72;1;2;303122,28;usado;terreno
359;Vereda de das Neves, 63, Sales, Minas Gerais;154;4;2;458539,48;usado;casa
360;Esplanada Alexia Vieira, 29, Duarte, Espírito Santo;130;4;3;240056,7;usado;casa
361;Pátio Cunha, 95, Araújo, Rio de Janeiro;153;5;3;252238,47;usado;terreno
362;Travessa Melo, 35, Costa, Espírito Santo;114;5;2;296729,72;novo;terreno
363;Estrada Luiz Felipe Azevedo, Cardoso da Mata, Espírito Santo;194;2;1;217592,7;novo;casa
364;Estrada Viana, 86, das Neves, São Paulo;110;3;2;247157,79;novo;apartamento
365;Aeroporto da Rosa, 1, Lima das Pedras, Minas Gerais;148;5;2;302111,97;usado;terreno
366;Favela de Cunha, 4, das Neves da Prata, São Paulo;175;1;2;405103,02;novo;casa
367;Estação Milena Almeida, Silva do Norte, Minas Gerais;162;1;3;409395,78;usado;casa
368;Trevo Nunes, 666, Gomes de Fernandes, Minas Gerais;99;3;3;287679,4;usado;apartamento
369;Lagoa da Conceição, 82, Gonçalves, Espírito Santo;192;2;2;346388,29;novo;terreno
370;Fazenda Enzo da Mata, 19, Campos, Rio de Janeiro;58;4;3;496751,36;usado;apartamento
371;Avenida Benjamin da Mota, 65, Monteiro, Espírito Santo;193;5;1;205979,95;novo;casa
372;Viaduto de da Paz, 91, Gomes, Minas Gerais;164;1;2;451523,04;novo;apartamento
373;Campo Barbosa, 22, Ferreira, Minas Gerais;178;1;2;282639,09;usado;casa
374;Lago Ramos, 64, Viana, Rio de Janeiro;72;2;1;466393,97;usado;terreno
375;Recanto Gabriela Melo, 4, da Cunha do Oeste, São Paulo;170;4;3;380435,82;novo;terreno
376;Vila da Rocha, 29, Rodrigues do Sul, Minas Gerais;146;3;1;488239,17;usado;apartamento
377;Conjunto da Costa, 91, Nunes de Costela, Espírito Santo;77;2;1;307407,92;novo;apartamento
378;Jardim Anthony Nunes, 6, Silveira, Minas Gerais;111;2;3;305684,91;novo;casa
379;Loteamento de Pinto, Melo, Rio de Janeiro;91;5;1;270793,68;novo;apartamento
380;Avenida Alexia Cavalcanti, 51, Cardoso, Rio de Janeiro;104;3;3;425196,04;usado;casa
381;Aeroporto Olivia Costa, 1, Ferreira de Pinto, Espírito Santo;151;5;1;318287,87;novo;casa
382;Viaduto Ferreira, 44, Barros, Minas Gerais;68;1;1;452622,77;novo;casa
383;Colônia Silveira, 87, Campos, Rio de Janeiro;169;2;1;479089,17;novo;casa
384;Quadra Sales, 7, Aragão da Prata, Espírito Santo;165;3;2;435443,22;usado;apartamento
385;Morro de Barros, 33, Duarte, São Paulo;158;3;2;315727,36;usado;apartamento
386;Vale Ana Carolina Porto, 34, Peixoto de Costa, Minas Gerais;85;4;3;201027,95;usado;apartamento
387;Travessa Souza, Alves dos Dourados, Minas Gerais;106;3;3;494549,46;usado;terreno
388;Esplanada Vitor Hugo Cunha, 881, Silveira, São Paulo;85;5;3;267104,02;novo;terreno
389;Morro Viana, 25, Moreira, Espírito Santo;118;1;2;398860,19;usado;terreno
390;Vereda de da Conceição, 7, Lopes, Rio de Janeiro;141;5;1;419714,18;usado;casa
391;Sítio Rodrigues, Rodrigues, Minas Gerais;155;1;1;487516,86;novo;terreno
392;Rua Marcelo Ribeiro, 106, Nogueira, São Paulo;96;3;3;485138,03;novo;apartamento
393;Trecho Arthur Martins, 22, Almeida, São Paulo;150;3;3;438464,57;novo;casa
394;Rodovia de Cavalcanti, 30, Nogueira, Minas Gerais;53;2;2;425588,72;novo;apartamento
395;Área de Moura, 68, Cardoso, São Paulo;95;5;2;225960,77;usado;casa
396;Estação de Gomes, 47, Gonçalves do Sul, Espírito Santo;71;3;2;377769,71;novo;terreno
397;Chácara de Castro, 2, Vieira, São Paulo;200;1;3;208701,05;novo;casa
398;Esplanada de Santos, 84, Pires Paulista, Espírito Santo;136;3;1;222066,52;usado;apartamento
399;Praça João Vitor Lima, 722, Ribeiro de Alves, Espírito Santo;187;4;3;344610,54;usado;terreno
400;Quadra Farias, 609, da Mota, São Paulo;78;1;1;338897,77;usado;terreno
401;Viaduto Ana Julia das Neves, 86, Rocha de Minas, Minas Gerais;138;5;3;413818,85;novo;casa
402;Fazenda Maitê Farias, 8, Monteiro, São Paulo;50;2;3;316526,2;novo;terreno
403;Largo Castro, 622, Fogaça, Rio de Janeiro;195;1;3;360108,95;usado;casa
404;Feira Rafael Castro, 76, Oliveira do Campo, Rio de Janeiro;55;1;3;374006,83;novo;casa
405;Praia de Duarte, 37, da Mota, São Paulo;195;5;3;331298,45;usado;terreno
406;Rodovia Cardoso, 73, Caldeira dos Dourados, Minas Gerais;125;4;2;223628,63;novo;casa
407;Chácara de Martins, 79, Silva de Goiás, Rio de Janeiro;180;1;1;298423,46;usado;apartamento
408;Ladeira Dias, 31, da Cruz, São Paulo;135;3;1;413592,12;novo;casa
409;Viela de da Conceição, 64, Barbosa, São Paulo;195;1;1;218910,68;novo;terreno
410;Rua de Nascimento, 473, Nascimento, Rio de Janeiro;153;3;1;336781,16;novo;casa
411;Viela Maria Clara Rezende, 22, Gomes de Teixeira, Espírito Santo;166;1;2;353146,18;usado;apartamento
412;Avenida de Moraes, 9, Ferreira das Flores, São Paulo;174;2;2;469441,55;novo;terreno
413;Distrito Farias, 84, da Mota, Minas Gerais;72;5;2;460453,48;novo;terreno
414;Fazenda Caldeira, 2, Mendes, Espírito Santo;148;1;2;241635,76;novo;casa
415;Feira Ana Sophia Costa, 5, Nunes de Goiás, Espírito Santo;159;2;1;306185,63;usado;casa
416;Estrada de Silveira, 779, da Rosa da Mata, Espírito Santo;197;2;1;471734,82;novo;terreno
417;Largo Vitor Hugo Cardoso, 21, Nascimento, Espírito Santo;122;1;3;275171,64;usado;apartamento
418;Alameda Renan Cavalcanti, 125, Ribeiro da Prata, Espírito Santo;176;4;1;431173,2;novo;casa
419;Praça Alice Lima, Sales de Goiás, São Paulo;117;5;2;367537,84;usado;terreno
420;Condomínio Maysa Almeida, 5, Carvalho, São Paulo;73;3;1;289179,74;usado;apartamento
421;Área de Monteiro, 91, da Mota, Minas Gerais;115;3;3;466711,34;usado;apartamento
422;Loteamento de Nunes, 10, Ribeiro, Espírito Santo;66;1;1;324917,95;novo;casa
423;Vale de Azevedo, 5, Campos Paulista, São Paulo;51;5;2;338603,1;novo;casa
424;Pátio de Aragão, 26, Mendes da Serra, Espírito Santo;196;1;1;413614,33;novo;apartamento
425;Residencial Moreira, 596, Teixeira, Minas Gerais;77;2;2;356640,22;usado;apartamento
426;Favela de Alves, 57, Martins do Amparo, Minas Gerais;138;4;2;421404,37;usado;apartamento
427;Praia de Barros, 39, Martins Verde, Espírito Santo;51;5;3;373136,5;novo;apartamento
428;Fazenda Rezende, 81, da Mata Alegre, Espírito Santo;76;2;3;270689,54;usado;apartamento
